"Time (s)","Acceleration x (m/s^2)","Acceleration y (m/s^2)","Acceleration z (m/s^2)","Absolute acceleration (m/s^2)"
1.990555400E-2,1.723825186E-1,3.351882398E-1,9.806650162E0,9.813890884E0
2.439317000E-2,1.723825186E-1,2.968810201E-1,9.816226959E0,9.822228148E0
2.848240200E-2,1.819593310E-1,3.447650373E-1,9.873687744E0,9.881380561E0
3.248024900E-2,1.244984865E-1,4.213795066E-1,9.844957352E0,9.854757522E0
3.647725000E-2,1.532289088E-1,4.213795066E-1,9.854534149E0,9.864729245E0
4.047594300E-2,7.661445439E-2,4.979939461E-1,9.777919769E0,9.790892848E0
4.447386700E-2,1.436520964E-1,6.224924326E-1,9.749189377E0,9.770098580E0
4.847009900E-2,7.661445439E-2,6.799532771E-1,9.797073364E0,9.820939504E0
5.246856200E-2,3.830722719E-2,5.841852427E-1,9.720458984E0,9.738072844E0
5.646548600E-2,4.788403213E-2,5.746083856E-1,9.749189377E0,9.766225534E0
6.046456400E-2,-3.830722719E-2,4.118026793E-1,9.710882187E0,9.719685269E0
6.446333400E-2,-1.915361360E-2,4.022258818E-1,9.777919769E0,9.786208026E0
6.846025800E-2,-2.873042040E-2,3.351882398E-1,9.806650162E0,9.812418865E0
7.245749000E-2,3.830722719E-2,3.830722570E-1,9.854534149E0,9.862051262E0
7.645472200E-2,8.619125932E-2,4.405331016E-1,9.816226959E0,9.826485133E0
8.048456900E-2,3.830722719E-2,5.363011956E-1,9.806650162E0,9.821378407E0
8.448241600E-2,9.576806426E-2,5.171475410E-1,9.701305389E0,9.715551418E0
8.847964800E-2,4.788403213E-2,3.734954596E-1,9.835380554E0,9.842586163E0
9.247726400E-2,5.746084079E-2,3.543418646E-1,9.864110947E0,9.870640540E0
9.647380400E-2,5.746084079E-2,3.256114423E-1,9.835380554E0,9.840936704E0
1.004729580E-1,1.340752989E-1,3.064578176E-1,9.816226959E0,9.821924674E0
1.044723440E-1,1.244984865E-1,3.543418646E-1,9.883264542E0,9.890398173E0
1.084682680E-1,1.244984865E-1,3.447650373E-1,9.835380554E0,9.842208769E0
1.124651920E-1,1.340752989E-1,3.639186621E-1,9.806650162E0,9.814316093E0
1.164634240E-1,1.628057212E-1,4.501099288E-1,9.787496567E0,9.799193523E0
1.204625020E-1,1.436520964E-1,4.596867263E-1,9.806650162E0,9.818469087E0
1.244618110E-1,1.149216816E-1,3.830722570E-1,9.825803757E0,9.833939740E0
1.284578120E-1,1.723825186E-1,4.213795066E-1,9.854534149E0,9.865045348E0
1.324557360E-1,1.628057212E-1,4.309563041E-1,9.873687744E0,9.884429104E0
1.364839680E-1,1.053448766E-1,4.118026793E-1,9.854534149E0,9.863697192E0
1.404824300E-1,8.619125932E-2,3.830722570E-1,9.806650162E0,9.814507664E0
1.444815850E-1,-4.788403213E-2,6.703764945E-2,9.892841339E0,9.893184355E0
1.484759710E-1,0.000000000E0,1.532289088E-1,1.008437729E1,1.008554135E1
1.524751250E-1,0.000000000E0,3.639186621E-1,9.902418137E0,9.909102974E0
1.564722800E-1,-7.661445439E-2,3.543418646E-1,9.682151794E0,9.688936541E0
1.604705120E-1,8.619125932E-2,4.118026793E-1,9.768342972E0,9.777399184E0
1.644692050E-1,7.661445439E-2,5.171475410E-1,9.835380554E0,9.849265049E0
1.684652830E-1,1.915361360E-2,6.320692301E-1,9.758766174E0,9.779232875E0
1.724637460E-1,0.000000000E0,5.554547906E-1,9.682151794E0,9.698071633E0
1.764612850E-1,-4.788403213E-2,3.926490843E-1,9.730035782E0,9.738072833E0
1.804599790E-1,6.703764945E-2,5.554547906E-1,9.864110947E0,9.879965022E0
1.844579030E-1,-4.788403213E-2,4.118026793E-1,9.864110947E0,9.872819207E0
1.884550580E-1,4.788403213E-2,4.118026793E-1,9.806650162E0,9.815409402E0
1.924825200E-1,1.532289088E-1,4.979939461E-1,9.787496567E0,9.801355320E0
1.964812900E-1,1.053448766E-1,4.501099288E-1,9.835380554E0,9.846238223E0
2.004788300E-1,1.436520964E-1,4.118026793E-1,9.749189377E0,9.758940049E0
2.044788310E-1,-1.915361360E-2,2.489969730E-1,9.768342972E0,9.771534719E0
2.084741400E-1,7.661445439E-2,2.681505978E-1,9.911994934E0,9.915917410E0
2.124726790E-1,1.628057212E-1,4.884171486E-1,9.921571732E0,9.934920364E0
2.164702180E-1,7.661445439E-2,5.841852427E-1,9.682151794E0,9.700062141E0
2.204683730E-1,1.819593310E-1,5.363011956E-1,9.730035782E0,9.746503193E0
2.244671440E-1,1.340752989E-1,5.267243981E-1,9.749189377E0,9.764328358E0
2.284637600E-1,1.628057212E-1,5.554547906E-1,9.816226959E0,9.833277553E0
2.324615300E-1,1.628057212E-1,5.267243981E-1,9.710882187E0,9.726519272E0
2.364591470E-1,2.585737705E-1,5.171475410E-1,9.710882187E0,9.728079709E0
2.404569940E-1,2.777273953E-1,5.458779931E-1,9.768342972E0,9.787524698E0
2.444563020E-1,2.011129409E-1,3.926490843E-1,9.787496567E0,9.797433785E0
2.484836880E-1,3.351882398E-1,4.309563041E-1,9.835380554E0,9.850522074E0
2.524809970E-1,2.394201756E-1,3.926490843E-1,9.835380554E0,9.846126445E0
2.564776130E-1,2.489969730E-1,4.118026793E-1,9.739612579E0,9.751493944E0
2.604776140E-1,3.160346150E-1,3.639186621E-1,9.758766174E0,9.770661795E0
2.644747690E-1,2.873041928E-1,2.873041928E-1,9.758766174E0,9.767220927E0
2.684717700E-1,3.064578176E-1,3.351882398E-1,9.873687744E0,9.884127540E0
2.724683860E-1,3.351882398E-1,3.734954596E-1,9.921571732E0,9.934255666E0
2.764671570E-1,3.543418646E-1,2.298433632E-1,9.768342972E0,9.777469537E0
2.804652350E-1,4.309563041E-1,4.788403511E-1,9.749189377E0,9.770450600E0
2.844650050E-1,3.351882398E-1,6.224924326E-1,9.768342972E0,9.793894649E0
2.884603140E-1,4.022258818E-1,6.129156351E-1,9.615114212E0,9.643021961E0
2.924584690E-1,2.106897533E-1,2.777273953E-1,9.691728592E0,9.697995967E0
2.964557780E-1,4.022258818E-1,2.202665508E-1,9.950302124E0,9.960864188E0
3.004856250E-1,2.489969730E-1,2.298433632E-1,9.959878922E0,9.965641755E0
3.044834720E-1,3.734954596E-1,3.639186621E-1,9.777919769E0,9.791815494E0
3.084816270E-1,2.873041928E-1,4.501099288E-1,9.701305389E0,9.715990372E0
3.124788590E-1,2.298433632E-1,4.501099288E-1,9.777919769E0,9.790972471E0
3.164757060E-1,1.436520964E-1,3.926490843E-1,9.902418137E0,9.911240799E0
3.204745530E-1,2.489969730E-1,3.543418646E-1,9.921571732E0,9.931019246E0
3.244738620E-1,2.298433632E-1,3.064578176E-1,9.787496567E0,9.794990220E0
3.284720940E-1,2.489969730E-1,3.734954596E-1,9.710882187E0,9.721251524E0
3.324680950E-1,1.436520964E-1,3.639186621E-1,9.806650162E0,9.814451595E0
3.364668650E-1,1.532289088E-1,4.118026793E-1,9.844957352E0,9.854757521E0
3.404649430E-1,2.106897533E-1,3.926490843E-1,9.835380554E0,9.845469726E0
3.444624830E-1,2.394201756E-1,4.022258818E-1,9.816226959E0,9.827381106E0
3.484588680E-1,8.619125932E-2,4.213795066E-1,9.797073364E0,9.806509885E0
3.524554850E-1,1.532289088E-1,3.926490843E-1,9.883264542E0,9.892247995E0
3.564852550E-1,1.723825186E-1,3.734954596E-1,9.806650162E0,9.815273913E0
3.604831020E-1,1.436520964E-1,3.830722570E-1,9.758766174E0,9.767338303E0
3.644821800E-1,1.436520964E-1,3.639186621E-1,9.777919769E0,9.785744107E0
3.684775660E-1,1.628057212E-1,4.309563041E-1,9.825803757E0,9.836597405E0
3.724764130E-1,1.532289088E-1,3.734954596E-1,9.797073364E0,9.805387522E0
3.764735680E-1,1.628057212E-1,4.405331016E-1,9.816226959E0,9.827455766E0
3.804721070E-1,1.915361285E-1,4.692635238E-1,9.835380554E0,9.848431600E0
3.844705700E-1,1.149216816E-1,3.830722570E-1,9.777919769E0,9.786095563E0
3.884671090E-1,7.661445439E-2,3.734954596E-1,9.758766174E0,9.766211439E0
3.924640330E-1,1.628057212E-1,4.501099288E-1,9.797073364E0,9.808758900E0
3.964624960E-1,9.576806426E-2,3.830722570E-1,9.806650162E0,9.814596440E0
4.004609580E-1,1.436520964E-1,4.405331016E-1,9.806650162E0,9.817590984E0
4.044594210E-1,1.723825186E-1,4.596867263E-1,9.787496567E0,9.799801869E0
4.084557290E-1,1.532289088E-1,4.309563041E-1,9.797073364E0,9.807744335E0
4.124840380E-1,9.576806426E-2,4.596867263E-1,9.806650162E0,9.817885251E0
4.164825780E-1,1.340752989E-1,4.501099288E-1,9.835380554E0,9.846587520E0
4.204804250E-1,1.149216816E-1,4.405331016E-1,9.787496567E0,9.798079682E0
4.244794260E-1,5.746084079E-2,4.501099288E-1,9.787496567E0,9.798009479E0
4.284761190E-1,1.436520964E-1,4.596867263E-1,9.787496567E0,9.799338593E0
4.324738890E-1,1.244984865E-1,4.692635238E-1,9.797073364E0,9.809095505E0
4.364699670E-1,1.149216816E-1,4.309563041E-1,9.787496567E0,9.797653769E0
4.404701990E-1,1.149216816E-1,3.926490843E-1,9.739612579E0,9.748201552E0
4.444672000E-1,1.340752989E-1,4.788403511E-1,9.806650162E0,9.819249038E0
4.484643550E-1,1.532289088E-1,4.596867263E-1,9.854534149E0,9.866439798E0
4.524631250E-1,1.628057212E-1,4.022258818E-1,9.787496567E0,9.797110819E0
4.564591260E-1,1.628057212E-1,4.596867263E-1,9.739612579E0,9.751813718E0
4.604597430E-1,1.244984865E-1,4.309563041E-1,9.758766174E0,9.769070603E0
4.644569740E-1,1.053448766E-1,3.734954596E-1,9.777919769E0,9.785617580E0
4.684838220E-1,1.436520964E-1,4.596867263E-1,9.825803757E0,9.837599670E0
4.724822840E-1,1.628057212E-1,3.926490843E-1,9.768342972E0,9.777586789E0
4.764797470E-1,1.436520964E-1,4.309563041E-1,9.777919769E0,9.788466390E0
4.804779780E-1,1.149216816E-1,4.213795066E-1,9.720458984E0,9.730266725E0
4.844763640E-1,1.628057212E-1,4.213795066E-1,9.806650162E0,9.817049138E0
4.884730570E-1,1.436520964E-1,4.692635238E-1,9.739612579E0,9.751968897E0
4.924712120E-1,1.628057212E-1,5.267243981E-1,9.758766174E0,9.774326654E0
4.964686750E-1,1.149216816E-1,4.596867263E-1,9.787496567E0,9.798959533E0
5.004678300E-1,1.436520964E-1,3.734954596E-1,9.768342972E0,9.776536155E0
5.044656770E-1,1.340752989E-1,4.692635238E-1,9.768342972E0,9.780527023E0
5.084622930E-1,8.619125932E-2,4.405331016E-1,9.777919769E0,9.788218089E0
5.124600630E-1,1.532289088E-1,4.501099288E-1,9.758766174E0,9.770342639E0
5.164582180E-1,1.723825186E-1,4.309563041E-1,9.844957352E0,9.855892873E0
5.204560650E-1,1.340752989E-1,3.830722570E-1,9.787496567E0,9.795907798E0
5.244846820E-1,1.628057212E-1,3.830722570E-1,9.758766174E0,9.767638778E0
5.284834520E-1,1.436520964E-1,4.405331016E-1,9.797073364E0,9.808024870E0
5.324804530E-1,1.915361285E-1,4.309563041E-1,9.816226959E0,9.827549091E0
5.364782230E-1,8.619125932E-2,4.022258818E-1,9.844957352E0,9.853547577E0
5.404760700E-1,1.915361285E-1,3.543418646E-1,9.777919769E0,9.786212713E0
5.444739180E-1,1.628057212E-1,4.118026793E-1,9.797073364E0,9.807075693E0
5.484699960E-1,1.244984865E-1,3.830722570E-1,9.844957352E0,9.853193872E0
5.524675350E-1,1.915361285E-1,4.405331016E-1,9.739612579E0,9.751451620E0
5.564665360E-1,2.011129409E-1,4.213795066E-1,9.749189377E0,9.760363754E0
5.604649990E-1,1.436520964E-1,4.596867263E-1,9.797073364E0,9.808903828E0
5.644646920E-1,1.532289088E-1,4.596867263E-1,9.797073364E0,9.809048756E0
5.684594620E-1,1.915361285E-1,4.309563041E-1,9.816226959E0,9.827549091E0
5.724570790E-1,1.915361285E-1,3.543418646E-1,9.806650162E0,9.814918830E0
5.764846950E-1,2.011129409E-1,3.639186621E-1,9.777919769E0,9.786756267E0
5.804837730E-1,1.340752989E-1,4.118026793E-1,9.797073364E0,9.806640818E0
5.844825430E-1,1.819593310E-1,4.022258818E-1,9.806650162E0,9.816582005E0
5.884788520E-1,1.532289088E-1,4.118026793E-1,9.730035782E0,9.739951584E0
5.924766990E-1,1.436520964E-1,4.501099288E-1,9.816226959E0,9.827591088E0
5.964757770E-1,2.011129409E-1,4.501099288E-1,9.806650162E0,9.819034207E0
6.004727780E-1,1.532289088E-1,4.788403511E-1,9.825803757E0,9.838657766E0
6.044718560E-1,2.106897533E-1,4.213795066E-1,9.844957352E0,9.856223218E0
6.084699340E-1,1.436520964E-1,3.926490843E-1,9.758766174E0,9.767718591E0
6.124666270E-1,1.819593310E-1,4.118026793E-1,9.739612579E0,9.750012505E0
6.164641670E-1,1.436520964E-1,4.596867263E-1,9.739612579E0,9.751512755E0
6.204622450E-1,2.011129409E-1,4.309563041E-1,9.787496567E0,9.799043769E0
6.244610920E-1,1.149216816E-1,4.405331016E-1,9.816226959E0,9.826779133E0
6.284574000E-1,1.436520964E-1,4.405331016E-1,9.758766174E0,9.769760621E0
6.324555550E-1,1.244984865E-1,4.501099288E-1,9.787496567E0,9.798631938E0
6.364840950E-1,1.436520964E-1,4.309563041E-1,9.825803757E0,9.836299036E0
6.404810190E-1,1.532289088E-1,4.405331016E-1,9.749189377E0,9.760340261E0
6.444804810E-1,7.661445439E-2,3.639186621E-1,9.844957352E0,9.851979082E0
6.484760980E-1,1.053448766E-1,4.118026793E-1,9.777919769E0,9.787154541E0
6.524742530E-1,1.628057212E-1,4.309563041E-1,9.873687744E0,9.884429104E0
6.564712540E-1,1.149216816E-1,4.213795066E-1,9.730035782E0,9.739833879E0
6.604705620E-1,1.723825186E-1,3.830722570E-1,9.739612579E0,9.748667257E0
6.644687170E-1,9.576806426E-2,4.309563041E-1,9.825803757E0,9.835716259E0
6.684666410E-1,8.619125932E-2,4.213795066E-1,9.787496567E0,9.796942312E0
6.724638730E-1,1.628057212E-1,4.022258818E-1,9.816226959E0,9.825813100E0
6.764613360E-1,1.149216816E-1,4.309563041E-1,9.777919769E0,9.788086909E0
6.804604140E-1,1.340752989E-1,4.501099288E-1,9.806650162E0,9.817889922E0
6.844585680E-1,9.576806426E-2,4.501099288E-1,9.825803757E0,9.836574095E0
6.884545690E-1,1.819593310E-1,4.405331016E-1,9.806650162E0,9.818226215E0
6.924831870E-1,5.746084079E-2,4.118026793E-1,9.768342972E0,9.777188124E0
6.964804950E-1,1.819593310E-1,3.926490843E-1,9.864110947E0,9.873599509E0
7.004801890E-1,1.244984865E-1,4.022258818E-1,9.816226959E0,9.825253037E0
7.044785740E-1,1.340752989E-1,4.309563041E-1,9.825803757E0,9.836163835E0
7.084743450E-1,1.532289088E-1,4.022258818E-1,9.758766174E0,9.768253785E0
7.124727300E-1,1.628057212E-1,4.884171486E-1,9.797073364E0,9.810591395E0
7.164694240E-1,1.340752989E-1,4.405331016E-1,9.816226959E0,9.827021793E0
7.204669630E-1,2.106897533E-1,4.692635238E-1,9.816226959E0,9.829695323E0
7.244675030E-1,1.053448766E-1,4.118026793E-1,9.825803757E0,9.834993567E0
7.284647340E-1,1.532289088E-1,4.309563041E-1,9.864110947E0,9.874709474E0
7.324617350E-1,1.723825186E-1,4.788403511E-1,9.797073364E0,9.810282887E0
7.364579670E-1,1.340752989E-1,4.309563041E-1,9.768342972E0,9.778763927E0
7.404577370E-1,1.244984865E-1,4.501099288E-1,9.797073364E0,9.808197863E0
7.444558150E-1,1.149216816E-1,4.213795066E-1,9.720458984E0,9.730266725E0
7.484832780E-1,1.149216816E-1,4.118026793E-1,9.864110947E0,9.873371927E0
7.524816630E-1,1.053448766E-1,3.639186621E-1,9.825803757E0,9.833104993E0
7.564786640E-1,1.244984865E-1,4.309563041E-1,9.806650162E0,9.816904329E0
7.604755890E-1,1.532289088E-1,4.979939461E-1,9.768342972E0,9.782228861E0
7.644752820E-1,1.628057212E-1,4.118026793E-1,9.854534149E0,9.864478215E0
7.684712830E-1,1.340752989E-1,4.022258818E-1,9.730035782E0,9.739268872E0
7.724690530E-1,1.340752989E-1,4.309563041E-1,9.825803757E0,9.836163835E0
7.764675160E-1,1.819593310E-1,4.692635238E-1,9.844957352E0,9.857814297E0
7.804657470E-1,1.436520964E-1,3.926490843E-1,9.777919769E0,9.786854665E0
7.844644410E-1,1.628057212E-1,3.926490843E-1,9.816226959E0,9.825425727E0
7.884620570E-1,9.576806426E-2,4.213795066E-1,9.806650162E0,9.816166238E0
7.924582890E-1,9.576806426E-2,3.830722570E-1,9.825803757E0,9.833734557E0
7.964562130E-1,1.053448766E-1,4.213795066E-1,9.749189377E0,9.758860166E0
8.004847520E-1,1.532289088E-1,3.639186621E-1,9.902418137E0,9.910287627E0
8.044854460E-1,1.819593310E-1,3.926490843E-1,9.854534149E0,9.864031924E0
8.084808310E-1,2.298433632E-1,4.022258818E-1,9.797073364E0,9.808020195E0
8.124789090E-1,1.723825186E-1,4.501099288E-1,9.787496567E0,9.799357312E0
8.164765260E-1,1.532289088E-1,4.213795066E-1,9.806650162E0,9.816894987E0
8.204742960E-1,1.915361285E-1,4.309563041E-1,9.787496567E0,9.798851895E0
8.244740660E-1,1.723825186E-1,4.118026793E-1,9.797073364E0,9.807239351E0
8.284702980E-1,1.532289088E-1,4.118026793E-1,9.758766174E0,9.768652813E0
8.324669140E-1,1.723825186E-1,4.501099288E-1,9.777919769E0,9.789792117E0
8.364666080E-1,1.340752989E-1,3.447650373E-1,9.825803757E0,9.832764544E0
8.404635320E-1,1.915361285E-1,4.405331016E-1,9.797073364E0,9.808843051E0
8.444626870E-1,1.436520964E-1,4.405331016E-1,9.806650162E0,9.817590984E0
8.484573800E-1,1.723825186E-1,4.309563041E-1,9.758766174E0,9.769798172E0
8.524556120E-1,1.053448766E-1,3.830722570E-1,9.844957352E0,9.852970474E0
8.564838440E-1,1.532289088E-1,4.405331016E-1,9.854534149E0,9.865565965E0
8.604826140E-1,1.819593310E-1,4.405331016E-1,9.777919769E0,9.789529796E0
8.644810760E-1,9.576806426E-2,4.884171486E-1,9.797073364E0,9.809707913E0
8.684773850E-1,1.436520964E-1,4.022258818E-1,9.864110947E0,9.873353349E0
8.724756170E-1,1.340752989E-1,4.788403511E-1,9.777919769E0,9.790555617E0
8.764736950E-1,1.436520964E-1,4.405331016E-1,9.768342972E0,9.779326651E0
8.804713110E-1,2.011129409E-1,3.543418646E-1,9.825803757E0,9.834247507E0
8.844706970E-1,1.532289088E-1,4.501099288E-1,9.768342972E0,9.779908101E0
8.884657750E-1,1.723825186E-1,4.022258818E-1,9.806650162E0,9.816409160E0
8.924642370E-1,1.340752989E-1,4.213795066E-1,9.816226959E0,9.826181791E0
8.964629310E-1,7.661445439E-2,4.118026793E-1,9.825803757E0,9.834727789E0
9.004605470E-1,1.053448766E-1,3.830722570E-1,9.797073364E0,9.805125619E0
9.044604710E-1,1.340752989E-1,4.309563041E-1,9.758766174E0,9.769197345E0
9.084562410E-1,1.244984865E-1,3.639186621E-1,9.835380554E0,9.842898319E0
9.124841650E-1,1.149216816E-1,3.926490843E-1,9.835380554E0,9.843885968E0
9.164820890E-1,1.532289088E-1,4.979939461E-1,9.768342972E0,9.782228861E0
9.204813980E-1,1.340752989E-1,3.926490843E-1,9.777919769E0,9.786718781E0
9.244801680E-1,1.819593310E-1,3.830722570E-1,9.797073364E0,9.806248011E0
9.284753230E-1,1.915361285E-1,4.118026793E-1,9.806650162E0,9.817161246E0
9.324737860E-1,1.244984865E-1,4.022258818E-1,9.864110947E0,9.873093249E0
9.364710180E-1,1.244984865E-1,4.213795066E-1,9.816226959E0,9.826055784E0
9.404679420E-1,1.628057212E-1,4.405331016E-1,9.777919769E0,9.789192517E0
9.444685580E-1,1.915361285E-1,4.501099288E-1,9.777919769E0,9.790148112E0
9.484644820E-1,1.436520964E-1,4.213795066E-1,9.806650162E0,9.816750176E0
9.524614830E-1,1.149216816E-1,4.213795066E-1,9.777919769E0,9.787669932E0
9.564604840E-1,1.149216816E-1,4.596867263E-1,9.816226959E0,9.827656414E0
9.604577930E-1,1.053448766E-1,3.639186621E-1,9.787496567E0,9.794826358E0
9.644565630E-1,1.436520964E-1,4.213795066E-1,9.816226959E0,9.826317129E0
9.684845640E-1,1.532289088E-1,4.022258818E-1,9.777919769E0,9.787388813E0
9.724817960E-1,1.244984865E-1,3.926490843E-1,9.777919769E0,9.786592267E0
9.764793350E-1,1.819593310E-1,3.830722570E-1,9.806650162E0,9.815815857E0
9.804786440E-1,1.340752989E-1,3.639186621E-1,9.797073364E0,9.804746783E0
9.844758760E-1,1.340752989E-1,4.022258818E-1,9.883264542E0,9.892354616E0
9.884737230E-1,1.149216816E-1,4.501099288E-1,9.777919769E0,9.788948920E0
9.924713390E-1,1.436520964E-1,4.118026793E-1,9.825803757E0,9.835478475E0
9.964691100E-1,9.576806426E-2,3.926490843E-1,9.758766174E0,9.767131722E0
1.000467265E0,1.244984865E-1,3.543418646E-1,9.825803757E0,9.832979075E0
1.004467342E0,7.661445439E-2,3.830722570E-1,9.816226959E0,9.823997447E0
1.008462113E0,1.244984865E-1,4.692635238E-1,9.806650162E0,9.818660577E0
1.012460883E0,1.532289088E-1,3.926490843E-1,9.873687744E0,9.882679903E0
1.016458422E0,1.340752989E-1,3.830722570E-1,9.797073364E0,9.805476380E0
1.020456808E0,1.532289088E-1,4.213795066E-1,9.816226959E0,9.826461800E0
1.024485809E0,1.436520964E-1,4.309563041E-1,9.806650162E0,9.817165918E0
1.028482041E0,1.340752989E-1,4.213795066E-1,9.806650162E0,9.816614705E0
1.032478965E0,1.532289088E-1,4.596867263E-1,9.864110947E0,9.876005050E0
1.036477812E0,1.532289088E-1,4.022258818E-1,9.787496567E0,9.796956354E0
1.040474659E0,1.436520964E-1,4.118026793E-1,9.816226959E0,9.825911107E0
1.044474353E0,1.532289088E-1,4.501099288E-1,9.835380554E0,9.846866948E0
1.048470738E0,1.436520964E-1,4.022258818E-1,9.825803757E0,9.835082158E0
1.052467662E0,1.436520964E-1,4.022258818E-1,9.777919769E0,9.787243565E0
1.056466125E0,1.244984865E-1,3.830722570E-1,9.797073364E0,9.805350108E0
1.060464203E0,9.576806426E-2,4.022258818E-1,9.797073364E0,9.805794393E0
1.064461742E0,1.436520964E-1,4.405331016E-1,9.730035782E0,9.741062655E0
1.068458666E0,1.628057212E-1,3.734954596E-1,9.835380554E0,9.843816090E0
1.072457821E0,1.915361285E-1,4.309563041E-1,9.806650162E0,9.817983338E0
1.076456899E0,1.053448766E-1,4.692635238E-1,9.816226959E0,9.828001705E0
1.080484900E0,2.011129409E-1,4.405331016E-1,9.777919769E0,9.789904537E0
1.084483055E0,1.244984865E-1,4.213795066E-1,9.825803757E0,9.835623012E0
1.088480211E0,2.011129409E-1,4.022258818E-1,9.825803757E0,9.836089240E0
1.092477135E0,1.628057212E-1,4.213795066E-1,9.777919769E0,9.788349269E0
1.096475597E0,6.703764945E-2,4.501099288E-1,9.749189377E0,9.759804634E0
1.100474445E0,2.106897533E-1,4.692635238E-1,9.835380554E0,9.848822725E0
1.104471599E0,1.723825186E-1,4.118026793E-1,9.816226959E0,9.826373130E0
1.108468293E0,1.915361285E-1,3.926490843E-1,9.806650162E0,9.816376459E0
1.112466371E0,8.619125932E-2,4.405331016E-1,9.797073364E0,9.807351572E0
1.116463295E0,1.340752989E-1,3.830722570E-1,9.864110947E0,9.872456903E0
1.120462142E0,1.436520964E-1,4.692635238E-1,9.844957352E0,9.857181617E0
1.124460912E0,1.149216816E-1,4.118026793E-1,9.777919769E0,9.787262306E0
1.128456221E0,2.106897533E-1,5.075707436E-1,9.825803757E0,9.841160384E0
1.132485453E0,2.106897533E-1,4.213795066E-1,9.749189377E0,9.760565781E0
1.136482454E0,1.340752989E-1,4.501099288E-1,9.835380554E0,9.846587520E0
1.140480916E0,1.723825186E-1,4.884171486E-1,9.739612579E0,9.753374813E0
1.144480533E0,2.298433632E-1,3.734954596E-1,9.797073364E0,9.806883977E0
1.148476303E0,1.915361285E-1,4.118026793E-1,9.825803757E0,9.836294373E0
1.152473535E0,1.436520964E-1,3.830722570E-1,9.768342972E0,9.776906704E0
1.156471920E0,2.011129409E-1,3.926490843E-1,9.758766174E0,9.768732618E0
1.160470460E0,1.436520964E-1,4.788403511E-1,9.797073364E0,9.809820106E0
1.164468845E0,1.053448766E-1,4.213795066E-1,9.816226959E0,9.825831769E0
1.168464923E0,1.532289088E-1,4.596867263E-1,9.835380554E0,9.847309360E0
1.172465155E0,1.628057212E-1,4.118026793E-1,9.806650162E0,9.816642733E0
1.176462464E0,1.340752989E-1,3.543418646E-1,9.720458984E0,9.727839288E0
1.180459080E0,2.011129409E-1,3.639186621E-1,9.777919769E0,9.786756267E0
1.184460312E0,1.436520964E-1,4.309563041E-1,9.816226959E0,9.826732467E0
1.188455698E0,1.819593310E-1,4.118026793E-1,9.768342972E0,9.778712342E0
1.192482468E0,1.628057212E-1,4.118026793E-1,9.787496567E0,9.797508673E0
1.196481469E0,1.532289088E-1,4.022258818E-1,9.806650162E0,9.816091491E0
1.200479316E0,9.576806426E-2,4.501099288E-1,9.816226959E0,9.827007794E0
1.204479394E0,2.011129409E-1,4.309563041E-1,9.777919769E0,9.789478268E0
1.208474395E0,1.723825186E-1,4.501099288E-1,9.825803757E0,9.837618317E0
1.212472550E0,1.628057212E-1,4.213795066E-1,9.797073364E0,9.807482495E0
1.216469858E0,1.149216816E-1,4.213795066E-1,9.825803757E0,9.835506451E0
1.220469167E0,2.202665508E-1,4.596867263E-1,9.768342972E0,9.781633486E0
1.224467091E0,1.244984865E-1,4.118026793E-1,9.816226959E0,9.825649751E0
1.228463938E0,1.053448766E-1,3.734954596E-1,9.777919769E0,9.785617580E0
1.232461786E0,2.106897533E-1,3.734954596E-1,9.797073364E0,9.806453770E0
1.236459402E0,1.915361285E-1,4.596867263E-1,9.825803757E0,9.838415393E0
1.240457557E0,1.532289088E-1,5.171475410E-1,9.758766174E0,9.773660416E0
1.244456635E0,1.532289088E-1,4.405331016E-1,9.768342972E0,9.779472017E0
1.248482174E0,1.053448766E-1,4.022258818E-1,9.806650162E0,9.815460794E0
1.252480560E0,1.723825186E-1,4.118026793E-1,9.806650162E0,9.816806231E0
1.256478176E0,1.628057212E-1,4.118026793E-1,9.777919769E0,9.787941671E0
1.260475947E0,1.915361285E-1,4.213795066E-1,9.835380554E0,9.846266167E0
1.264475717E0,1.628057212E-1,4.501099288E-1,9.835380554E0,9.847020630E0
1.268473256E0,2.011129409E-1,4.213795066E-1,9.806650162E0,9.817759138E0
1.272469180E0,1.340752989E-1,3.734954596E-1,9.816226959E0,9.824244844E0
1.276467335E0,1.819593310E-1,4.309563041E-1,9.797073364E0,9.808235266E0
1.280466721E0,1.436520964E-1,4.501099288E-1,9.864110947E0,9.875419973E0
1.284465799E0,1.723825186E-1,4.405331016E-1,9.806650162E0,9.818053399E0
1.288461492E0,1.915361285E-1,4.118026793E-1,9.854534149E0,9.864994213E0
1.292460339E0,1.149216816E-1,4.309563041E-1,9.797073364E0,9.807220648E0
1.296456648E0,1.244984865E-1,4.118026793E-1,9.797073364E0,9.806514560E0
1.300486803E0,2.011129409E-1,3.926490843E-1,9.758766174E0,9.768732618E0
1.304484342E0,9.576806426E-2,4.213795066E-1,9.835380554E0,9.844868859E0
1.308482497E0,7.661445439E-2,4.309563041E-1,9.758766174E0,9.768577704E0
1.312478113E0,1.532289088E-1,3.830722570E-1,9.816226959E0,9.824893647E0
1.316476268E0,7.661445439E-2,4.405331016E-1,9.787496567E0,9.797705253E0
1.320475346E0,1.723825186E-1,4.118026793E-1,9.816226959E0,9.826373130E0
1.324472578E0,1.628057212E-1,4.405331016E-1,9.758766174E0,9.770061021E0
1.328470194E0,1.819593310E-1,3.830722570E-1,9.825803757E0,9.834951602E0
1.332466195E0,1.436520964E-1,4.405331016E-1,9.816226959E0,9.827157120E0
1.336463658E0,2.011129409E-1,4.309563041E-1,9.758766174E0,9.770347332E0
1.340463428E0,1.340752989E-1,4.118026793E-1,9.806650162E0,9.816208282E0
1.344461583E0,1.628057212E-1,4.022258818E-1,9.787496567E0,9.797110819E0
1.348458507E0,1.436520964E-1,4.118026793E-1,9.787496567E0,9.797209114E0
1.352456047E0,1.340752989E-1,3.926490843E-1,9.816226959E0,9.824991664E0
1.356486125E0,1.053448766E-1,4.118026793E-1,9.797073364E0,9.806290098E0
1.360482510E0,1.436520964E-1,3.926490843E-1,9.739612579E0,9.748582585E0
1.364481511E0,1.723825186E-1,4.692635238E-1,9.873687744E0,9.886335704E0
1.368477281E0,1.628057212E-1,4.022258818E-1,9.806650162E0,9.816245655E0
1.372476052E0,1.149216816E-1,4.501099288E-1,9.758766174E0,9.769816947E0
1.376475053E0,1.915361285E-1,4.309563041E-1,9.835380554E0,9.846680663E0
1.380471977E0,1.819593310E-1,3.639186621E-1,9.739612579E0,9.748107467E0
1.384470824E0,1.532289088E-1,4.309563041E-1,9.797073364E0,9.807744335E0
1.388467671E0,1.628057212E-1,4.022258818E-1,9.806650162E0,9.816245655E0
1.392465518E0,2.202665508E-1,3.926490843E-1,9.825803757E0,9.836112551E0
1.396462212E0,1.532289088E-1,4.692635238E-1,9.758766174E0,9.771243759E0
1.400461905E0,1.532289088E-1,4.309563041E-1,9.816226959E0,9.826877131E0
1.404458829E0,1.436520964E-1,3.926490843E-1,9.758766174E0,9.767718591E0
1.408455984E0,1.723825186E-1,4.692635238E-1,9.777919769E0,9.790691447E0
1.412484677E0,1.244984865E-1,4.405331016E-1,9.844957352E0,9.855595088E0
1.416482140E0,9.576806426E-2,4.405331016E-1,9.787496567E0,9.797873748E0
1.420479756E0,9.576806426E-2,4.309563041E-1,9.864110947E0,9.873984992E0
1.424477834E0,1.436520964E-1,4.405331016E-1,9.768342972E0,9.779326651E0
1.428475758E0,1.340752989E-1,4.309563041E-1,9.758766174E0,9.769197345E0
1.432473605E0,1.915361285E-1,3.926490843E-1,9.806650162E0,9.816376459E0
1.436469914E0,1.532289088E-1,4.405331016E-1,9.825803757E0,9.836867793E0
1.440468377E0,8.619125932E-2,4.501099288E-1,9.835380554E0,9.846051926E0
1.444468070E0,1.628057212E-1,4.692635238E-1,9.816226959E0,9.828785564E0
1.448464686E0,1.819593310E-1,4.309563041E-1,9.806650162E0,9.817801176E0
1.452461918E0,1.628057212E-1,4.118026793E-1,9.806650162E0,9.816642733E0
1.456459688E0,1.340752989E-1,4.501099288E-1,9.758766174E0,9.770061022E0
1.460458228E0,1.340752989E-1,3.926490843E-1,9.844957352E0,9.853696502E0
1.464456690E0,1.723825186E-1,3.926490843E-1,9.806650162E0,9.816021416E0
1.468483768E0,8.619125932E-2,4.596867263E-1,9.844957352E0,9.856060373E0
1.472483154E0,1.532289088E-1,3.734954596E-1,9.787496567E0,9.795818853E0
1.476480386E0,1.628057212E-1,4.501099288E-1,9.806650162E0,9.818324299E0
1.480478464E0,1.340752989E-1,4.213795066E-1,9.825803757E0,9.835748896E0
1.484476311E0,9.576806426E-2,4.118026793E-1,9.806650162E0,9.815759796E0
1.488474159E0,1.053448766E-1,4.022258818E-1,9.768342972E0,9.777188124E0
1.492472083E0,1.532289088E-1,4.405331016E-1,9.787496567E0,9.798603858E0
1.496468392E0,1.532289088E-1,3.830722570E-1,9.758766174E0,9.767483847E0
1.500468008E0,1.723825186E-1,3.639186621E-1,9.777919769E0,9.786208027E0
1.504465317E0,1.436520964E-1,4.884171486E-1,9.864110947E0,9.877240101E0
1.508463164E0,1.436520964E-1,4.501099288E-1,9.797073364E0,9.808459684E0
1.512459088E0,6.703764945E-2,4.118026793E-1,9.797073364E0,9.805953396E0
1.516457012E0,1.628057212E-1,4.501099288E-1,9.797073364E0,9.808758900E0
1.520486475E0,1.628057212E-1,3.830722570E-1,9.816226959E0,9.825047673E0
1.524485860E0,1.053448766E-1,4.405331016E-1,9.777919769E0,9.788405487E0
1.528481015E0,1.149216816E-1,4.118026793E-1,9.749189377E0,9.758559420E0
1.532479478E0,1.340752989E-1,3.830722570E-1,9.844957352E0,9.853319532E0
1.536476633E0,1.628057212E-1,4.022258818E-1,9.768342972E0,9.777976057E0
1.540475480E0,1.723825186E-1,4.309563041E-1,9.825803757E0,9.836760571E0
1.544473558E0,1.244984865E-1,4.405331016E-1,9.825803757E0,9.836462207E0
1.548471097E0,1.340752989E-1,3.830722570E-1,9.883264542E0,9.891594338E0
1.552468098E0,1.628057212E-1,4.213795066E-1,9.873687744E0,9.884016191E0
1.556466791E0,1.723825186E-1,3.639186621E-1,9.873687744E0,9.881895678E0
1.560464639E0,1.723825186E-1,3.543418646E-1,9.777919769E0,9.785856575E0
1.564463793E0,1.915361285E-1,4.118026793E-1,9.825803757E0,9.836294373E0
1.568459487E0,1.149216816E-1,4.213795066E-1,9.797073364E0,9.806804484E0
1.572457257E0,1.149216816E-1,4.596867263E-1,9.873687744E0,9.885050761E0
1.576485873E0,1.436520964E-1,4.213795066E-1,9.835380554E0,9.845451095E0
1.580484721E0,1.628057212E-1,3.447650373E-1,9.816226959E0,9.823628675E0
1.584482799E0,1.819593310E-1,3.926490843E-1,9.835380554E0,9.844896807E0
1.588480723E0,2.106897533E-1,3.926490843E-1,9.816226959E0,9.826335797E0
1.592477570E0,2.202665508E-1,3.830722570E-1,9.787496567E0,9.797466548E0
1.596475417E0,9.576806426E-2,4.596867263E-1,9.749189377E0,9.760490608E0
1.600472649E0,1.149216816E-1,4.309563041E-1,9.806650162E0,9.816787546E0
1.604472034E0,1.436520964E-1,3.351882398E-1,9.777919769E0,9.784717783E0
1.608467805E0,1.628057212E-1,4.405331016E-1,9.873687744E0,9.884851278E0
1.612465652E0,1.819593310E-1,3.926490843E-1,9.758766174E0,9.768357065E0
1.616463807E0,1.628057212E-1,4.501099288E-1,9.806650162E0,9.818324299E0
1.620462577E0,8.619125932E-2,4.118026793E-1,9.758766174E0,9.767831265E0
1.624460347E0,2.106897533E-1,4.118026793E-1,9.825803757E0,9.836685981E0
1.628457656E0,1.436520964E-1,4.692635238E-1,9.825803757E0,9.838051822E0
1.632454503E0,1.436520964E-1,3.926490843E-1,9.806650162E0,9.815558905E0
1.636483735E0,1.532289088E-1,4.501099288E-1,9.797073364E0,9.808604618E0
1.640481274E0,1.053448766E-1,4.118026793E-1,9.835380554E0,9.844561424E0
1.644479737E0,1.532289088E-1,3.926490843E-1,9.787496567E0,9.796567840E0
1.648476738E0,1.340752989E-1,4.405331016E-1,9.864110947E0,9.874853435E0
1.652475739E0,1.628057212E-1,3.926490843E-1,9.797073364E0,9.806290099E0
1.656471509E0,1.149216816E-1,4.118026793E-1,9.816226959E0,9.825533072E0
1.660471125E0,1.532289088E-1,4.022258818E-1,9.777919769E0,9.787388813E0
1.664469896E0,1.532289088E-1,4.405331016E-1,9.844957352E0,9.855999887E0
1.668466204E0,1.819593310E-1,4.213795066E-1,9.825803757E0,9.836518152E0
1.672463744E0,1.819593310E-1,4.022258818E-1,9.816226959E0,9.826149122E0
1.676461360E0,7.661445439E-2,4.309563041E-1,9.777919769E0,9.787712099E0
1.680460746E0,1.532289088E-1,3.830722570E-1,9.758766174E0,9.767483847E0
1.684459208E0,1.532289088E-1,3.830722570E-1,9.806650162E0,9.815325305E0
1.688454902E0,1.244984865E-1,4.405331016E-1,9.835380554E0,9.846028638E0
1.692483210E0,1.532289088E-1,4.405331016E-1,9.787496567E0,9.798603858E0
1.696480365E0,1.436520964E-1,4.309563041E-1,9.787496567E0,9.798032879E0
1.700478905E0,1.436520964E-1,4.405331016E-1,9.797073364E0,9.808024870E0
1.704477675E0,5.746084079E-2,4.405331016E-1,9.806650162E0,9.816708132E0
1.708474214E0,1.532289088E-1,4.022258818E-1,9.816226959E0,9.825659086E0
1.712471523E0,1.628057212E-1,4.309563041E-1,9.730035782E0,9.740935548E0
1.716469370E0,1.340752989E-1,3.830722570E-1,9.749189377E0,9.757633629E0
1.720467833E0,1.628057212E-1,3.256114423E-1,9.825803757E0,9.832545346E0
1.724467757E0,1.532289088E-1,3.926490843E-1,9.835380554E0,9.844407704E0
1.728463143E0,1.723825186E-1,4.405331016E-1,9.797073364E0,9.808487735E0
1.732461374E0,1.532289088E-1,4.501099288E-1,9.806650162E0,9.818170168E0
1.736458837E0,1.628057212E-1,3.734954596E-1,9.758766174E0,9.767267878E0
1.740456761E0,1.436520964E-1,4.788403511E-1,9.844957352E0,9.857642176E0
1.744485608E0,1.149216816E-1,4.118026793E-1,9.787496567E0,9.796829971E0
1.748483840E0,1.628057212E-1,3.926490843E-1,9.844957352E0,9.854129300E0
1.752481302E0,1.819593310E-1,4.501099288E-1,9.816226959E0,9.828225672E0
1.756479150E0,1.819593310E-1,4.213795066E-1,9.835380554E0,9.846084528E0
1.760476997E0,7.661445439E-2,4.213795066E-1,9.787496567E0,9.796862738E0
1.764476767E0,1.628057212E-1,3.734954596E-1,9.844957352E0,9.853384688E0
1.768471768E0,1.532289088E-1,4.022258818E-1,9.825803757E0,9.835226699E0
1.772469308E0,1.436520964E-1,4.118026793E-1,9.806650162E0,9.816343758E0
1.776468462E0,1.915361285E-1,4.501099288E-1,9.844957352E0,9.857102530E0
1.780466002E0,1.532289088E-1,3.639186621E-1,9.797073364E0,9.805027404E0
1.784465003E0,1.723825186E-1,3.830722570E-1,9.825803757E0,9.834779080E0
1.788462927E0,1.532289088E-1,4.118026793E-1,9.806650162E0,9.816488575E0
1.792459774E0,1.149216816E-1,3.926490843E-1,9.892841339E0,9.901297393E0
1.796457621E0,1.244984865E-1,4.022258818E-1,9.825803757E0,9.834821046E0
1.800485391E0,1.149216816E-1,3.734954596E-1,9.797073364E0,9.804863709E0
1.804484469E0,1.819593310E-1,4.405331016E-1,9.777919769E0,9.789529796E0
1.808481086E0,2.298433632E-1,4.884171486E-1,9.806650162E0,9.821495135E0
1.812478241E0,1.819593310E-1,3.926490843E-1,9.806650162E0,9.816194267E0
1.816476165E0,1.915361285E-1,4.309563041E-1,9.816226959E0,9.827549091E0
1.820475166E0,2.011129409E-1,4.213795066E-1,9.816226959E0,9.827325110E0
1.824473705E0,1.819593310E-1,4.501099288E-1,9.758766174E0,9.770835450E0
1.828468783E0,2.298433632E-1,3.734954596E-1,9.758766174E0,9.768615259E0
1.832468476E0,1.532289088E-1,3.734954596E-1,9.797073364E0,9.805387522E0
1.836464785E0,1.244984865E-1,3.926490843E-1,9.787496567E0,9.796160586E0
1.840463863E0,1.340752989E-1,4.788403511E-1,9.816226959E0,9.828813559E0
1.844462249E0,1.532289088E-1,4.501099288E-1,9.835380554E0,9.846866948E0
1.848458327E0,1.053448766E-1,4.022258818E-1,9.797073364E0,9.805892601E0
1.852456097E0,1.149216816E-1,4.022258818E-1,9.777919769E0,9.786864036E0
1.856486329E0,1.340752989E-1,4.309563041E-1,9.816226959E0,9.826597134E0
1.860483484E0,1.915361285E-1,4.118026793E-1,9.787496567E0,9.798028199E0
1.864483177E0,1.340752989E-1,4.405331016E-1,9.806650162E0,9.817455525E0
1.868478870E0,2.394201756E-1,4.022258818E-1,9.768342972E0,9.779551733E0
1.872475871E0,1.149216816E-1,4.405331016E-1,9.816226959E0,9.826779133E0
1.876475180E0,1.244984865E-1,3.926490843E-1,9.768342972E0,9.777023964E0
1.880473027E0,1.340752989E-1,4.118026793E-1,9.777919769E0,9.787505946E0
1.884471182E0,1.628057212E-1,3.926490843E-1,9.787496567E0,9.796722312E0
1.888466645E0,1.436520964E-1,4.309563041E-1,9.864110947E0,9.874565511E0
1.892465646E0,1.628057212E-1,4.309563041E-1,9.854534149E0,9.865296363E0
1.896462263E0,1.340752989E-1,4.213795066E-1,9.777919769E0,9.787913562E0
1.900460110E0,1.532289088E-1,4.022258818E-1,9.816226959E0,9.825659086E0
1.904459496E0,1.340752989E-1,4.405331016E-1,9.825803757E0,9.836588080E0
1.908456189E0,1.340752989E-1,4.405331016E-1,9.758766174E0,9.769624499E0
1.912484805E0,1.340752989E-1,4.405331016E-1,9.758766174E0,9.769624499E0
1.916482268E0,1.532289088E-1,4.213795066E-1,9.739612579E0,9.749927845E0
1.920480500E0,1.436520964E-1,4.309563041E-1,9.758766174E0,9.769333473E0
1.924478347E0,1.244984865E-1,4.118026793E-1,9.797073364E0,9.806514560E0
1.928475194E0,1.915361285E-1,4.213795066E-1,9.806650162E0,9.817567630E0
1.932473118E0,1.532289088E-1,4.213795066E-1,9.806650162E0,9.816894987E0
1.936470658E0,9.576806426E-2,4.501099288E-1,9.816226959E0,9.827007794E0
1.940470351E0,1.628057212E-1,3.639186621E-1,9.806650162E0,9.814750628E0
1.944467813E0,1.723825186E-1,4.692635238E-1,9.806650162E0,9.819384471E0
1.948464122E0,1.628057212E-1,4.405331016E-1,9.806650162E0,9.817889922E0
1.952463200E0,1.723825186E-1,4.022258818E-1,9.768342972E0,9.778140202E0
1.956461740E0,2.011129409E-1,4.118026793E-1,9.777919769E0,9.788653783E0
1.960458356E0,1.244984865E-1,3.639186621E-1,9.768342972E0,9.775912289E0
1.964458588E0,1.244984865E-1,4.309563041E-1,9.710882187E0,9.721237373E0
1.968454589E0,1.915361285E-1,4.022258818E-1,9.835380554E0,9.845465067E0
1.972483282E0,2.106897533E-1,3.639186621E-1,9.797073364E0,9.806093691E0
1.976479591E0,8.619125932E-2,4.309563041E-1,9.758766174E0,9.768657508E0
1.980478361E0,1.723825186E-1,4.213795066E-1,9.854534149E0,9.865045348E0
1.984477054E0,7.661445439E-2,4.501099288E-1,9.749189377E0,9.759875113E0
1.988473978E0,1.819593310E-1,4.022258818E-1,9.844957352E0,9.854850588E0
1.992470979E0,9.576806426E-2,3.926490843E-1,9.844957352E0,9.853249722E0
1.996469442E0,3.830722719E-2,3.926490843E-1,9.787496567E0,9.795444339E0
2.000466981E0,8.619125932E-2,3.926490843E-1,9.844957352E0,9.853161294E0
2.004465675E0,1.340752989E-1,3.830722570E-1,9.797073364E0,9.805476380E0
2.008462599E0,1.053448766E-1,4.118026793E-1,9.739612579E0,9.748883638E0
2.012459831E0,1.915361285E-1,4.596867263E-1,9.777919769E0,9.790593087E0
2.016457139E0,1.915361285E-1,4.022258818E-1,9.768342972E0,9.778496621E0
2.020486986E0,9.576806426E-2,4.596867263E-1,9.797073364E0,9.808319423E0
2.024485372E0,1.053448766E-1,4.213795066E-1,9.835380554E0,9.844966677E0
2.028480835E0,1.436520964E-1,4.118026793E-1,9.806650162E0,9.816343758E0
2.032479913E0,1.340752989E-1,4.118026793E-1,9.825803757E0,9.835343263E0
2.036477375E0,1.436520964E-1,3.639186621E-1,9.720458984E0,9.728329537E0
2.040476761E0,8.619125932E-2,4.022258818E-1,9.787496567E0,9.796137179E0
2.044474993E0,1.628057212E-1,3.830722570E-1,9.739612579E0,9.748502616E0
2.048471840E0,1.436520964E-1,4.596867263E-1,9.835380554E0,9.847164996E0
2.052467918E0,1.340752989E-1,3.734954596E-1,9.797073364E0,9.805106912E0
2.056466611E0,1.819593310E-1,3.926490843E-1,9.844957352E0,9.854464357E0
2.060464766E0,1.628057212E-1,3.830722570E-1,9.787496567E0,9.796343149E0
2.064464459E0,1.244984865E-1,3.543418646E-1,9.777919769E0,9.785130201E0
2.068458922E0,1.340752989E-1,4.405331016E-1,9.777919769E0,9.788756847E0
2.072457384E0,1.628057212E-1,4.213795066E-1,9.749189377E0,9.759649579E0
2.076486001E0,1.723825186E-1,4.596867263E-1,9.797073364E0,9.809366653E0
2.080483540E0,1.436520964E-1,4.118026793E-1,9.777919769E0,9.787641819E0
2.084481695E0,1.436520964E-1,4.309563041E-1,9.835380554E0,9.845865625E0
2.088478696E0,1.628057212E-1,3.734954596E-1,9.806650162E0,9.815110389E0
2.092476543E0,1.340752989E-1,3.926490843E-1,9.816226959E0,9.824991664E0
2.096474621E0,1.340752989E-1,4.309563041E-1,9.787496567E0,9.797897150E0
2.100473776E0,1.532289088E-1,4.309563041E-1,9.797073364E0,9.807744335E0
2.104472162E0,1.915361285E-1,4.405331016E-1,9.835380554E0,9.847104455E0
2.108469701E0,1.149216816E-1,4.213795066E-1,9.806650162E0,9.816371788E0
2.112467317E0,1.628057212E-1,4.405331016E-1,9.806650162E0,9.817889922E0
2.116463626E0,1.149216816E-1,4.309563041E-1,9.806650162E0,9.816787546E0
2.120462319E0,1.436520964E-1,4.405331016E-1,9.777919769E0,9.788892703E0
2.124461167E0,1.340752989E-1,4.405331016E-1,9.825803757E0,9.836588080E0
2.128456860E0,1.628057212E-1,3.830722570E-1,9.825803757E0,9.834615881E0
2.132487015E0,1.053448766E-1,3.734954596E-1,9.835380554E0,9.843033427E0
2.136482631E0,1.532289088E-1,4.118026793E-1,9.777919769E0,9.787787061E0
2.140481171E0,2.011129409E-1,4.405331016E-1,9.825803757E0,9.837730190E0
2.144480556E0,1.340752989E-1,3.351882398E-1,9.768342972E0,9.775011599E0
2.148477096E0,8.619125932E-2,3.926490843E-1,9.854534149E0,9.862730126E0
2.152474097E0,1.244984865E-1,4.309563041E-1,9.883264542E0,9.893439301E0
2.156472482E0,1.244984865E-1,4.692635238E-1,9.787496567E0,9.799530457E0
2.160473099E0,1.819593310E-1,4.405331016E-1,9.787496567E0,9.799095247E0
2.164470331E0,1.628057212E-1,3.926490843E-1,9.787496567E0,9.796722312E0
2.168466332E0,1.915361285E-1,4.213795066E-1,9.873687744E0,9.884531170E0
2.172464794E0,1.340752989E-1,4.309563041E-1,9.806650162E0,9.817030453E0
2.176461103E0,2.011129409E-1,3.830722570E-1,9.777919769E0,9.787487205E0
2.180461411E0,1.532289088E-1,3.543418646E-1,9.806650162E0,9.814246005E0
2.184457412E0,1.819593310E-1,4.884171486E-1,9.768342972E0,9.782238237E0
2.188485413E0,1.244984865E-1,4.118026793E-1,9.730035782E0,9.739541962E0
2.192482953E0,1.723825186E-1,4.022258818E-1,9.854534149E0,9.864245774E0
2.196480800E0,1.628057212E-1,4.405331016E-1,9.825803757E0,9.837021632E0
2.200478340E0,1.819593310E-1,4.118026793E-1,9.816226959E0,9.826545800E0
2.204478341E0,1.819593310E-1,4.213795066E-1,9.758766174E0,9.769554091E0
2.208473726E0,8.619125932E-2,4.118026793E-1,9.806650162E0,9.815671030E0
2.212471881E0,1.436520964E-1,4.118026793E-1,9.825803757E0,9.835478475E0
2.216470344E0,1.340752989E-1,4.118026793E-1,9.758766174E0,9.768371148E0
2.220468191E0,1.340752989E-1,4.309563041E-1,9.835380554E0,9.845730555E0
2.224467576E0,2.011129409E-1,4.118026793E-1,9.758766174E0,9.769521232E0
2.228466116E0,1.723825186E-1,4.309563041E-1,9.806650162E0,9.817628352E0
2.232461809E0,2.106897533E-1,4.884171486E-1,9.768342972E0,9.782814825E0
2.236459349E0,1.532289088E-1,3.926490843E-1,9.787496567E0,9.796567840E0
2.240457427E0,1.244984865E-1,4.213795066E-1,9.749189377E0,9.759085719E0
2.244487889E0,1.436520964E-1,4.213795066E-1,9.758766174E0,9.768915695E0
2.248484890E0,1.340752989E-1,4.022258818E-1,9.864110947E0,9.873218655E0
2.252481122E0,1.149216816E-1,3.926490843E-1,9.768342972E0,9.776906705E0
2.256478969E0,1.053448766E-1,4.309563041E-1,9.806650162E0,9.816680104E0
2.260477816E0,1.532289088E-1,3.639186621E-1,9.758766174E0,9.766751412E0
2.264475587E0,1.436520964E-1,3.926490843E-1,9.777919769E0,9.786854665E0
2.268472280E0,1.628057212E-1,3.926490843E-1,9.816226959E0,9.825425727E0
2.272470050E0,1.053448766E-1,4.213795066E-1,9.806650162E0,9.816264342E0
2.276466743E0,1.053448766E-1,3.830722570E-1,9.825803757E0,9.833832486E0
2.280466437E0,2.298433632E-1,4.596867263E-1,9.797073364E0,9.810544652E0
2.284464899E0,1.244984865E-1,4.022258818E-1,9.825803757E0,9.834821046E0
2.288461517E0,2.011129409E-1,3.734954596E-1,9.825803757E0,9.834956265E0
2.292458441E0,1.340752989E-1,4.309563041E-1,9.777919769E0,9.788330529E0
2.296455903E0,2.011129409E-1,4.213795066E-1,9.825803757E0,9.836891103E0
2.300486058E0,2.011129409E-1,4.213795066E-1,9.777919769E0,9.789061350E0
2.304485521E0,1.149216816E-1,4.309563041E-1,9.787496567E0,9.797653769E0
2.308480522E0,1.340752989E-1,3.734954596E-1,9.787496567E0,9.795537968E0
2.312478446E0,1.628057212E-1,4.788403511E-1,9.806650162E0,9.819683354E0
2.316476216E0,1.628057212E-1,4.692635238E-1,9.768342972E0,9.780963060E0
2.320475063E0,1.819593310E-1,4.022258818E-1,9.768342972E0,9.778313723E0
2.324474372E0,2.106897533E-1,4.213795066E-1,9.701305389E0,9.712737880E0
2.328469450E0,1.819593310E-1,4.118026793E-1,9.844957352E0,9.855246111E0
2.332466759E0,8.619125932E-2,4.213795066E-1,9.806650162E0,9.816077476E0
2.336465836E0,1.723825186E-1,4.309563041E-1,9.777919769E0,9.788930181E0
2.340463376E0,1.915361285E-1,4.213795066E-1,9.825803757E0,9.836699967E0
2.344462685E0,1.628057212E-1,4.309563041E-1,9.835380554E0,9.846163704E0
2.348458993E0,1.819593310E-1,4.213795066E-1,9.787496567E0,9.798252851E0
2.352455994E0,9.576806426E-2,4.596867263E-1,9.797073364E0,9.808319423E0
2.356485149E0,1.244984865E-1,4.405331016E-1,9.835380554E0,9.846028638E0
2.360484612E0,1.532289088E-1,4.405331016E-1,9.873687744E0,9.884698184E0
2.364481844E0,1.436520964E-1,4.309563041E-1,9.816226959E0,9.826732467E0
2.368477845E0,1.723825186E-1,4.596867263E-1,9.787496567E0,9.799801869E0
2.372476846E0,1.340752989E-1,4.022258818E-1,9.739612579E0,9.748836599E0
2.376474077E0,1.915361285E-1,4.213795066E-1,9.825803757E0,9.836699967E0
2.380471309E0,1.723825186E-1,4.022258818E-1,9.797073364E0,9.806841892E0
2.384470772E0,1.532289088E-1,3.830722570E-1,9.816226959E0,9.824893647E0
2.388466465E0,1.436520964E-1,4.692635238E-1,9.825803757E0,9.838051822E0
2.392465466E0,1.340752989E-1,4.309563041E-1,9.816226959E0,9.826597134E0
2.396463005E0,1.149216816E-1,4.501099288E-1,9.806650162E0,9.817647037E0
2.400460930E0,1.436520964E-1,4.979939461E-1,9.777919769E0,9.791646895E0
2.404458700E0,1.532289088E-1,3.734954596E-1,9.777919769E0,9.786250200E0
2.408456547E0,1.819593310E-1,4.118026793E-1,9.730035782E0,9.740445932E0
2.412484240E0,1.723825186E-1,4.118026793E-1,9.854534149E0,9.864640920E0
2.416483010E0,1.723825186E-1,4.213795066E-1,9.797073364E0,9.807646146E0
2.420481473E0,1.244984865E-1,4.022258818E-1,9.797073364E0,9.806117072E0
2.424480243E0,1.819593310E-1,4.118026793E-1,9.806650162E0,9.816979069E0
2.428477244E0,1.915361285E-1,4.405331016E-1,9.739612579E0,9.751451620E0
2.432473245E0,1.915361285E-1,4.213795066E-1,9.787496567E0,9.798435376E0
2.436472246E0,1.532289088E-1,4.596867263E-1,9.797073364E0,9.809048756E0
2.440469555E0,2.106897533E-1,4.309563041E-1,9.768342972E0,9.780114413E0
2.444468556E0,1.436520964E-1,3.734954596E-1,9.873687744E0,9.881793585E0
2.448465557E0,1.819593310E-1,3.639186621E-1,9.768342972E0,9.776812896E0
2.452463327E0,1.819593310E-1,3.447650373E-1,9.758766174E0,9.766549512E0
2.456461559E0,1.340752989E-1,4.022258818E-1,9.816226959E0,9.825379054E0
2.460460022E0,9.576806426E-2,4.118026793E-1,9.797073364E0,9.806191895E0
2.464457792E0,1.723825186E-1,4.022258818E-1,9.806650162E0,9.816409160E0
2.468484870E0,2.011129409E-1,4.022258818E-1,9.825803757E0,9.836089240E0
2.472483102E0,1.723825186E-1,4.213795066E-1,9.787496567E0,9.798079683E0
2.476480256E0,1.819593310E-1,4.405331016E-1,9.844957352E0,9.856488415E0
2.480478180E0,1.628057212E-1,4.309563041E-1,9.806650162E0,9.817464868E0
2.484475951E0,1.340752989E-1,4.118026793E-1,9.825803757E0,9.835343263E0
2.488473183E0,1.340752989E-1,4.405331016E-1,9.844957352E0,9.855720717E0
2.492470414E0,1.723825186E-1,4.022258818E-1,9.758766174E0,9.768573009E0
2.496468877E0,1.723825186E-1,4.022258818E-1,9.844957352E0,9.854678414E0
2.500466186E0,1.053448766E-1,4.405331016E-1,9.816226959E0,9.826671800E0
2.504465263E0,1.340752989E-1,3.543418646E-1,9.768342972E0,9.775687125E0
2.508463957E0,1.915361285E-1,4.118026793E-1,9.864110947E0,9.874560866E0
2.512459727E0,1.628057212E-1,4.118026793E-1,9.797073364E0,9.807075693E0
2.516457882E0,1.915361285E-1,4.309563041E-1,9.806650162E0,9.817983338E0
2.520455960E0,2.202665508E-1,3.639186621E-1,9.797073364E0,9.806304128E0
2.524484653E0,1.340752989E-1,4.596867263E-1,9.825803757E0,9.837464487E0
2.528481500E0,1.532289088E-1,3.734954596E-1,9.844957352E0,9.853231105E0
2.532480886E0,9.576806426E-2,4.884171486E-1,9.864110947E0,9.876659739E0
2.536477579E0,2.011129409E-1,4.596867263E-1,9.797073364E0,9.809913598E0
2.540475965E0,1.723825186E-1,4.213795066E-1,9.768342972E0,9.778946816E0
2.544474504E0,1.149216816E-1,3.926490843E-1,9.844957352E0,9.853454498E0
2.548470505E0,1.819593310E-1,3.447650373E-1,9.806650162E0,9.814395525E0
2.552468968E0,1.628057212E-1,4.118026793E-1,9.777919769E0,9.787941671E0
2.556467354E0,1.819593310E-1,3.639186621E-1,9.825803757E0,9.834224192E0
2.560464970E0,1.819593310E-1,4.118026793E-1,9.787496567E0,9.797845666E0
2.564463356E0,1.532289088E-1,4.788403511E-1,9.787496567E0,9.800400820E0
2.568459972E0,1.340752989E-1,4.022258818E-1,9.787496567E0,9.796675502E0
2.572457896E0,1.819593310E-1,3.830722570E-1,9.787496567E0,9.796680182E0
2.576455666E0,1.244984865E-1,4.884171486E-1,9.797073364E0,9.810030463E0
2.580484360E0,1.628057212E-1,4.501099288E-1,9.825803757E0,9.837455165E0
2.584483361E0,1.244984865E-1,5.171475410E-1,9.816226959E0,9.830628320E0
2.588478746E0,1.340752989E-1,3.639186621E-1,9.816226959E0,9.823885417E0
2.592477901E0,1.723825186E-1,3.926490843E-1,9.710882187E0,9.720345770E0
2.596474517E0,1.628057212E-1,3.830722570E-1,9.797073364E0,9.805911307E0
2.600473595E0,2.011129409E-1,4.118026793E-1,9.787496567E0,9.798220089E0
2.604471673E0,1.340752989E-1,4.118026793E-1,9.797073364E0,9.806640818E0
2.608468290E0,1.628057212E-1,4.501099288E-1,9.758766174E0,9.770497526E0
2.612467983E0,1.723825186E-1,4.022258818E-1,9.835380554E0,9.845111073E0
2.616464599E0,1.819593310E-1,4.309563041E-1,9.864110947E0,9.875197077E0
2.620460985E0,1.915361285E-1,3.830722570E-1,9.825803757E0,9.835133446E0
2.624462140E0,1.244984865E-1,4.501099288E-1,9.825803757E0,9.836895765E0
2.628459141E0,1.915361285E-1,4.884171486E-1,9.806650162E0,9.820673337E0
2.632456603E0,1.053448766E-1,3.926490843E-1,9.777919769E0,9.786367348E0
2.636484297E0,1.915361285E-1,4.405331016E-1,9.873687744E0,9.885366213E0
2.640481836E0,1.628057212E-1,4.501099288E-1,9.816226959E0,9.827889721E0
2.644480683E0,1.532289088E-1,4.501099288E-1,9.883264542E0,9.894695349E0
2.648478531E0,1.244984865E-1,3.734954596E-1,9.758766174E0,9.766704458E0
2.652475378E0,7.661445439E-2,3.926490843E-1,9.768342972E0,9.776531465E0
2.656472917E0,1.723825186E-1,4.596867263E-1,9.777919769E0,9.790237108E0
2.660471149E0,1.723825186E-1,4.309563041E-1,9.844957352E0,9.855892873E0
2.664469535E0,1.053448766E-1,4.405331016E-1,9.797073364E0,9.807538604E0
2.668464997E0,1.053448766E-1,3.734954596E-1,9.787496567E0,9.795186851E0
2.672464690E0,1.819593310E-1,4.118026793E-1,9.825803757E0,9.836112551E0
2.676460999E0,1.436520964E-1,4.309563041E-1,9.835380554E0,9.845865625E0
2.680460616E0,1.532289088E-1,4.022258818E-1,9.797073364E0,9.806523913E0
2.684459155E0,8.619125932E-2,3.926490843E-1,9.787496567E0,9.795748633E0
2.688454849E0,1.628057212E-1,4.596867263E-1,9.816226959E0,9.828332987E0
2.692483389E0,1.819593310E-1,4.788403511E-1,9.749189377E0,9.762637491E0
2.696481236E0,1.340752989E-1,3.734954596E-1,9.825803757E0,9.833813833E0
2.700479468E0,1.532289088E-1,4.309563041E-1,9.749189377E0,9.759912701E0
2.704478853E0,1.819593310E-1,3.734954596E-1,9.749189377E0,9.758037793E0
2.708475393E0,1.340752989E-1,4.213795066E-1,9.825803757E0,9.835748896E0
2.712473855E0,1.436520964E-1,4.501099288E-1,9.854534149E0,9.865854153E0
2.716469856E0,1.244984865E-1,4.501099288E-1,9.758766174E0,9.769934292E0
2.720468704E0,1.053448766E-1,3.543418646E-1,9.892841339E0,9.899745727E0
2.724468320E0,1.628057212E-1,3.543418646E-1,9.816226959E0,9.823969441E0
2.728464706E0,2.202665508E-1,4.309563041E-1,9.768342972E0,9.780325409E0
2.732462860E0,5.746084079E-2,3.926490843E-1,9.806650162E0,9.814675871E0
2.736459708E0,1.532289088E-1,4.022258818E-1,9.864110947E0,9.873497330E0
2.740459170E0,7.661445439E-2,3.734954596E-1,9.777919769E0,9.785350461E0
2.744456710E0,1.436520964E-1,4.788403511E-1,9.797073364E0,9.809820106E0
2.748484018E0,1.532289088E-1,3.543418646E-1,9.749189377E0,9.756829954E0
2.752481019E0,1.244984865E-1,4.309563041E-1,9.797073364E0,9.807337545E0
2.756479790E0,2.011129409E-1,4.118026793E-1,9.892841339E0,9.903450794E0
2.760477021E0,9.576806426E-2,4.022258818E-1,9.835380554E0,9.844067646E0
2.764474484E0,1.819593310E-1,4.884171486E-1,9.797073364E0,9.810927938E0
2.768472100E0,1.053448766E-1,4.213795066E-1,9.825803757E0,9.835399214E0
2.772470255E0,1.628057212E-1,4.405331016E-1,9.797073364E0,9.808324098E0
2.776467487E0,7.661445439E-2,3.926490843E-1,9.797073364E0,9.805237865E0
2.780466488E0,1.340752989E-1,3.639186621E-1,9.768342972E0,9.776038942E0
2.784464027E0,1.436520964E-1,3.734954596E-1,9.806650162E0,9.814811367E0
2.788461336E0,1.436520964E-1,4.118026793E-1,9.816226959E0,9.825911107E0
2.792458491E0,1.340752989E-1,4.405331016E-1,9.816226959E0,9.827021793E0
2.796457030E0,1.819593310E-1,4.022258818E-1,9.787496567E0,9.797447826E0
2.800485339E0,1.149216816E-1,4.309563041E-1,9.797073364E0,9.807220648E0
2.804484648E0,1.532289088E-1,4.309563041E-1,9.797073364E0,9.807744335E0
2.808480726E0,1.532289088E-1,4.692635238E-1,9.730035782E0,9.742550163E0
2.812478804E0,2.106897533E-1,3.639186621E-1,9.787496567E0,9.796525711E0
2.816477882E0,7.661445439E-2,4.022258818E-1,9.749189377E0,9.757784018E0
2.820475190E0,1.532289088E-1,4.405331016E-1,9.816226959E0,9.827301778E0
2.824473961E0,1.436520964E-1,3.926490843E-1,9.825803757E0,9.834695150E0
2.828470577E0,1.532289088E-1,4.596867263E-1,9.835380554E0,9.847309360E0
2.832468655E0,9.576806426E-2,4.309563041E-1,9.825803757E0,9.835716259E0
2.836464733E0,1.436520964E-1,4.213795066E-1,9.806650162E0,9.816750176E0
2.840463119E0,1.723825186E-1,3.639186621E-1,9.816226959E0,9.824482899E0
2.844463196E0,1.628057212E-1,3.926490843E-1,9.787496567E0,9.796722312E0
2.848458813E0,1.819593310E-1,4.022258818E-1,9.730035782E0,9.740045748E0
2.852458198E0,1.723825186E-1,4.501099288E-1,9.758766174E0,9.770661796E0
2.856454815E0,1.436520964E-1,4.405331016E-1,9.797073364E0,9.808024870E0
2.860482893E0,1.244984865E-1,4.213795066E-1,9.806650162E0,9.816488576E0
2.864481586E0,1.532289088E-1,3.639186621E-1,9.787496567E0,9.795458383E0
2.868477664E0,1.819593310E-1,4.022258818E-1,9.777919769E0,9.787880765E0
2.872476050E0,1.819593310E-1,4.405331016E-1,9.797073364E0,9.808660720E0
2.876474205E0,1.723825186E-1,3.926490843E-1,9.787496567E0,9.796886142E0
2.880471129E0,1.436520964E-1,4.022258818E-1,9.758766174E0,9.768108252E0
2.884470283E0,1.244984865E-1,3.447650373E-1,9.816226959E0,9.823068488E0
2.888467208E0,2.106897533E-1,4.022258818E-1,9.806650162E0,9.817156575E0
2.892464747E0,1.340752989E-1,4.213795066E-1,9.806650162E0,9.816614705E0
2.896461902E0,1.819593310E-1,3.351882398E-1,9.797073364E0,9.804494217E0
2.900461903E0,1.723825186E-1,4.405331016E-1,9.825803757E0,9.837184791E0
2.904460750E0,2.011129409E-1,4.596867263E-1,9.825803757E0,9.838606495E0
2.908455443E0,1.149216816E-1,4.022258818E-1,9.825803757E0,9.834704475E0
2.912484137E0,1.915361285E-1,4.118026793E-1,9.816226959E0,9.826727800E0
2.916482907E0,1.436520964E-1,4.213795066E-1,9.777919769E0,9.788049429E0
2.920480139E0,1.149216816E-1,4.118026793E-1,9.749189377E0,9.758559420E0
2.924479524E0,2.011129409E-1,3.734954596E-1,9.806650162E0,9.815820530E0
2.928476064E0,8.619125932E-2,4.022258818E-1,9.739612579E0,9.748295635E0
2.932474526E0,1.244984865E-1,4.022258818E-1,9.864110947E0,9.873093249E0
2.936472143E0,1.053448766E-1,4.213795066E-1,9.749189377E0,9.758860166E0
2.940472144E0,1.628057212E-1,3.830722570E-1,9.806650162E0,9.815479482E0
2.944468068E0,1.723825186E-1,4.692635238E-1,9.806650162E0,9.819384471E0
2.948465377E0,1.532289088E-1,4.501099288E-1,9.797073364E0,9.808604618E0
2.952462608E0,1.532289088E-1,4.118026793E-1,9.797073364E0,9.806921385E0
2.956459763E0,1.340752989E-1,4.788403511E-1,9.825803757E0,9.838378105E0
2.960458841E0,1.723825186E-1,4.405331016E-1,9.777919769E0,9.789356473E0
2.964456457E0,1.436520964E-1,4.788403511E-1,9.806650162E0,9.819384472E0
2.968485074E0,2.202665508E-1,3.351882398E-1,9.816226959E0,9.824417551E0
